1,Desert Eagle
2,Dual Berettas
3,Five-SeveN
4,Glock-18
7,AK-47
8,AUG
9,AWP
10,FAMAS
11,G3SG1
13,Galil AR
14,M249
16,M4A4
17,MAC-10
19,P90
20,Repulsor Device
23,MP5-SD
24,UMP-45
25,XM1014
26,PP-Bizon
27,MAG-7
28,Negev
29,Sawed-Off
30,Tec-9
31,Zeus x27
32,P2000
33,MP7
34,MP9
35,Nova
36,P250
37,Riot Shield
38,SCAR-20
39,SG 553
40,SSG 08
41,Knife
42,Knife
43,Flashbang
44,High Explosive Grenade
45,Smoke Grenade
46,Molotov
47,Decoy Grenade
48,Incendiary Grenade
49,C4 Explosive
50,Kevlar Vest
51,Kevlar + Helmet
52,Heavy Assault Suit
54,item_nvg
55,Defuse Kit
56,Rescue Kit
57,Medi-Shot
58,Music Kit
59,Knife
60,M4A1-S
61,USP-S
62,Trade Up Contract
63,CZ75-Auto
64,R8 Revolver
68,Tactical Awareness Grenade
69,Bare Hands
70,Breach Charge
72,Tablet
74,Knife
75,Axe
76,Hammer
78,Wrench
80,Spectral Shiv
81,Fire Bomb
82,Diversion Device
83,Frag Grenade
84,Snowball
85,Bump Mine
500,Bayonet
503,Classic Knife
505,Flip Knife
506,Gut Knife
507,Karambit
508,M9 Bayonet
509,Huntsman Knife
512,Falchion Knife
514,Bowie Knife
515,Butterfly Knife
516,Shadow Daggers
517,Paracord Knife
518,Survival Knife
519,Ursus Knife
520,Navaja Knife
521,Nomad Knife
522,Stiletto Knife
523,Talon Knife
525,Skeleton Knife
874,5 Year Veteran Coin
875,Champion at DreamHack 2013
876,Finalist at DreamHack 2013
877,Semifinalist at DreamHack 2013
878,Quarterfinalist at DreamHack 2013
879,Champion at EMS One Katowice 2014
880,Finalist at EMS One Katowice 2014
881,Semifinalist at EMS One Katowice 2014
882,Quarterfinalist at EMS One Katowice 2014
883,Champion at ESL One Cologne 2014
884,Finalist at ESL One Cologne 2014
885,Semifinalist at ESL One Cologne 2014
886,Quarterfinalist at ESL One Cologne 2014
887,Bronze Cologne 2014 Pick'Em Trophy
888,Silver Cologne 2014 Pick'Em Trophy
889,Gold Cologne 2014 Pick'Em Trophy
890,Champion at DreamHack Winter 2014
891,Finalist at DreamHack Winter 2014
892,Semifinalist at DreamHack Winter 2014
893,Quarterfinalist at DreamHack Winter 2014
894,Bronze DreamHack 2014 Pick'Em Trophy
895,Silver DreamHack 2014 Pick'Em Trophy
896,Gold DreamHack 2014 Pick'Em Trophy
897,Champion at ESL One Katowice 2015
898,Finalist at ESL One Katowice 2015
899,Semifinalist at ESL One Katowice 2015
900,Quarterfinalist at ESL One Katowice 2015
901,Bronze Katowice 2015 Pick'Em Trophy
902,Silver Katowice 2015 Pick'Em Trophy
903,Gold Katowice 2015 Pick'Em Trophy
904,Champion at ESL One Cologne 2015
905,Finalist at ESL One Cologne 2015
906,Semifinalist at ESL One Cologne 2015
907,Quarterfinalist at ESL One Cologne 2015
908,Bronze Cologne 2015 Pick'Em Trophy
909,Silver Cologne 2015 Pick'Em Trophy
910,Gold Cologne 2015 Pick'Em Trophy
911,Bronze Cluj-Napoca 2015 Pick'Em Trophy
912,Silver Cluj-Napoca 2015 Pick'Em Trophy
913,Gold Cluj-Napoca 2015 Pick'Em Trophy
914,Bronze Cluj-Napoca 2015 Fantasy Trophy
915,Silver Cluj-Napoca 2015 Fantasy Trophy
916,Gold Cluj-Napoca 2015 Fantasy Trophy
917,Champion at DreamHack Cluj-Napoca 2015
918,Finalist at DreamHack Cluj-Napoca 2015
919,Semifinalist at DreamHack Cluj-Napoca 2015
920,Quarterfinalist at DreamHack Cluj-Napoca 2015
921,Bronze Columbus 2016 Pick'Em Trophy
922,Silver Columbus 2016 Pick'Em Trophy
923,Gold Columbus 2016 Pick'Em Trophy
924,Bronze Columbus 2016 Fantasy Trophy
925,Silver Columbus 2016 Fantasy Trophy
926,Gold Columbus 2016 Fantasy Trophy
927,Champion at MLG Columbus 2016
928,Finalist at MLG Columbus 2016
929,Semifinalist at MLG Columbus 2016
930,Quarterfinalist at MLG Columbus 2016
931,Champion at ESL One Cologne 2016
932,Finalist at ESL One Cologne 2016
933,Semifinalist at ESL One Cologne 2016
934,Quarterfinalist at ESL One Cologne 2016
935,Bronze Cologne 2016 Pick'Em Trophy
936,Silver Cologne 2016 Pick'Em Trophy
937,Gold Cologne 2016 Pick'Em Trophy
938,Bronze Cologne 2016 Fantasy Trophy
939,Silver Cologne 2016 Fantasy Trophy
940,Gold Cologne 2016 Fantasy Trophy
941,Champion at ELEAGUE Atlanta 2017
942,Finalist at ELEAGUE Atlanta 2017
943,Semifinalist at ELEAGUE Atlanta 2017
944,Quarterfinalist at ELEAGUE Atlanta 2017
945,Bronze Atlanta 2017 Pick'Em Trophy
946,Silver Atlanta 2017 Pick'Em Trophy
947,Gold Atlanta 2017 Pick'Em Trophy
948,Champion at PGL Krakow 2017
949,Finalist at PGL Krakow 2017
950,Semifinalist at PGL Krakow 2017
951,Quarterfinalist at PGL Krakow 2017
952,Bronze Krakow 2017 Pick'Em Trophy
953,Silver Krakow 2017 Pick'Em Trophy
954,Gold Krakow 2017 Pick'Em Trophy
955,Champion at ELEAGUE Boston 2018
956,Finalist at ELEAGUE Boston 2018
957,Semifinalist at ELEAGUE Boston 2018
958,Quarterfinalist at ELEAGUE Boston 2018
959,Bronze Boston 2018 Pick'Em Trophy
960,Silver Boston 2018 Pick'Em Trophy
961,Gold Boston 2018 Pick'Em Trophy
962,Champion at FACEIT London 2018
963,Finalist at FACEIT London 2018
964,Semifinalist at FACEIT London 2018
965,Quarterfinalist at FACEIT London 2018
966,Bronze London 2018 Pick'Em Trophy
967,Silver London 2018 Pick'Em Trophy
968,Gold London 2018 Pick'Em Trophy
969,10 Year Veteran Coin
970,Loyalty Badge
971,Champion at IEM Katowice 2019
972,Finalist at IEM Katowice 2019
973,Semifinalist at IEM Katowice 2019
974,Quarterfinalist at IEM Katowice 2019
975,Champion at StarLadder Berlin 2019
976,Finalist at StarLadder Berlin 2019
977,Semifinalist at StarLadder Berlin 2019
978,Quarterfinalist at StarLadder Berlin 2019
979,Champion at PGL Stockholm 2021
980,Finalist at PGL Stockholm 2021
981,Semifinalist at PGL Stockholm 2021
982,Quarterfinalist at PGL Stockholm 2021
983,Champion at PGL Antwerp 2022
984,Finalist at PGL Antwerp 2022
985,Semifinalist at PGL Antwerp 2022
986,Quarterfinalist at PGL Antwerp 2022
1000,Operation Payback Pass
1001,Operation Payback Challenge Coin
1002,Silver Operation Payback Coin
1003,Gold Operation Payback Coin
1004,Museum Map Coin
1005,Downtown Map Coin
1006,Thunder Map Coin
1007,Favela Map Coin
1008,Motel Map Coin
1009,Seaside Map Coin
1010,Library Map Coin
1012,Operation Bravo Pass
1013,Operation Bravo Challenge Coin
1014,Silver Operation Bravo Coin
1015,Gold Operation Bravo Coin
1016,Agency Map Coin
1017,Ali Map Coin
1018,Cache Map Coin
1019,Chinatown Map Coin
1020,Gwalior Map Coin
1021,Ruins Map Coin
1022,Siege Map Coin
1023,Operation Phoenix Pass
1024,Operation Phoenix Challenge Coin
1025,Silver Operation Phoenix Coin
1026,Gold Operation Phoenix Coin
1027,Operation Breakout All Access Pass
1028,Operation Breakout Challenge Coin
1029,Silver Operation Breakout Coin
1030,Gold Operation Breakout Coin
1031,Castle Map Coin
1032,Black Gold Map Coin
1033,Rush Map Coin
1034,Mist Map Coin
1035,Insertion Map Coin
1036,Overgrown Map Coin
1037,Marquis Map Coin
1038,Workout Map Coin
1039,Backalley Map Coin
1040,Season Map Coin
1041,Bazaar Map Coin
1042,Facade Map Coin
1043,Log Map Coin
1044,Rails Map Coin
1045,Resort Map Coin
1046,Zoo Map Coin
1047,Santorini Map Coin
1048,Coast Map Coin
1049,Mikla Map Coin
1050,Royal Map Coin
1051,Empire Map Coin
1052,Tulip Map Coin
1053,Cruise Map Coin
1054,Subzero Map Coin
1055,Biome Map Coin
1056,Abbey Map Coin
1057,Ruby Map Coin
1058,Breach Map Coin
1059,Studio Map Coin
1060,Jungle Map Coin
1061,Anubis Map Coin
1062,Chlorine Map Coin
1063,Mutiny Map Coin
1064,Swamp Map Coin
1065,Frostbite Map Coin
1066,Engage Map Coin
1067,Apollo Map Coin
1068,Guard Map Coin
1069,Elysion Map Coin
1070,Grind Map Coin
1071,Mocha Map Coin
1072,Calavera Map Coin
1073,Pitstop Map Coin
1074,Basalt Map Coin
1075,Insertion II Map Coin
1076,Ravine Map Coin
1077,Extraction Map Coin
1078,County Map Coin
1079,Iris Map Coin
1080,Climb Map Coin
1081,Crete Map Coin
1082,Hive Map Coin
1083,Vineyard Map Coin
1084,Ember Map Coin
1200,Name Tag
1201,Storage Unit
1203,CS:GO Case Key
1204,eSports Key
1209,Sticker
1210,Gift Package
1211,Pallet of Presents
1212,CS:GO Capsule Key
1214,Winter Offensive Case Key
1215,Audience Participation Parcel
1303,Operation Phoenix Case Key
1304,Community Sticker Capsule 1 Key
1305,Huntsman Case Key
1306,Mission
1307,Huntsman Case Key
1308,Community Sticker Capsule 1 Key
1309,Operation Breakout Case Key
1310,Operation Breakout Case Key
1311,Operation Breakout Case Key
1313,Operation Breakout Case Key
1314,Music Kit
1315,Operation Vanguard Access Pass
1316,Operation Vanguard Challenge Coin
1317,Silver Operation Vanguard Coin
1318,Gold Operation Vanguard Coin
1320,Campaign Maghreb
1321,Campaign Eurasia
1322,Operation Vanguard Case Key
1323,Chroma Case Key
1324,StatTrak&#8482; Swap Tool
1325,Chroma 2 Case Key
1326,Operation Bloodhound Access Pass
1327,Operation Bloodhound Challenge Coin
1328,Silver Operation Bloodhound Coin
1329,Gold Operation Bloodhound Coin
1330,Falchion Case Key
1331,2015 Service Medal
1332,2015 Service Medal
1333,Shadow Case Key
1334,Revolver Case Key
1335,Operation Wildfire Access Pass
1336,Operation Wildfire Challenge Coin
1337,Silver Operation Wildfire Coin
1338,Gold Operation Wildfire Coin
1339,2016 Service Medal
1340,2016 Service Medal
1341,2016 Service Medal
1342,2016 Service Medal
1343,2016 Service Medal
1344,2016 Service Medal
1347,Chroma 3 Case Key
1348,Sealed Graffiti
1349,Graffiti
1350,Gamma Case Key
1351,Gamma 2 Case Key
1352,Operation Hydra Access Pass
1353,Counter-Strike: Global Offensive Game License
1356,Glove Case Key
1357,2017 Service Medal
1358,2017 Service Medal
1359,2017 Service Medal
1360,2017 Service Medal
1361,2017 Service Medal
1362,2017 Service Medal
1363,2017 Service Medal
1364,Spectrum Case Key
1365,Operation Hydra Case Key
1366,Spectrum 2 Case Key
1367,2018 Service Medal
1368,2018 Service Medal
1369,2018 Service Medal
1370,2018 Service Medal
1371,2018 Service Medal
1372,2018 Service Medal
1373,Clutch Case Key
1374,Horizon Case Key
1375,Danger Zone Case Key
1376,2019 Service Medal
1377,2019 Service Medal
1378,2019 Service Medal
1379,2019 Service Medal
1380,2019 Service Medal
1381,2019 Service Medal
1383,Prisma Case Key
1384,Shattered Web Case Key
1385,CS20 Case Key
1386,Prisma 2 Case Key
1387,Fracture Case Key
1388,Operation Broken Fang Case Key
1389,Snakebite Case Key
1390,Operation Riptide Case Key
1391,Dreams &amp; Nightmares Case Key
4001,CS:GO Weapon Case
4002,eSports 2013 Case
4003,Operation Bravo Case
4004,CS:GO Weapon Case 2
4005,eSports 2013 Winter Case
4006,DreamHack 2013 Souvenir Package
4007,Sticker Capsule
4009,Winter Offensive Weapon Case
4010,CS:GO Weapon Case 3
4011,Operation Phoenix Weapon Case
4012,Sticker Capsule 2
4013,EMS One 2014 Souvenir Package
4014,EMS Katowice 2014 Challengers
4015,EMS Katowice 2014 Legends
4016,Community Sticker Capsule 1
4017,Huntsman Weapon Case
4018,Operation Breakout Weapon Case
4019,eSports 2014 Summer Case
4020,ESL One Cologne 2014 Legends
4021,ESL One Cologne 2014 Challengers
4022,ESL One Cologne 2014 Dust II Souvenir Package
4023,ESL One Cologne 2014 Inferno Souvenir Package
4024,ESL One Cologne 2014 Mirage Souvenir Package
4025,ESL One Cologne 2014 Nuke Souvenir Package
4026,ESL One Cologne 2014 Cache Souvenir Package
4027,ESL One Cologne 2014 Cobblestone Souvenir Package
4028,ESL One Cologne 2014 Overpass Souvenir Package
4029,Operation Vanguard Weapon Case
4030,DreamHack 2014 Legends (Holo/Foil)
4031,DreamHack 2014 Dust II Souvenir Package
4032,DreamHack 2014 Inferno Souvenir Package
4033,DreamHack 2014 Mirage Souvenir Package
4034,DreamHack 2014 Nuke Souvenir Package
4035,DreamHack 2014 Cache Souvenir Package
4036,DreamHack 2014 Cobblestone Souvenir Package
4037,DreamHack 2014 Overpass Souvenir Package
4038,Fnatic | DreamHack 2014
4039,Cloud9 | DreamHack 2014
4041,Ninjas in Pyjamas | DreamHack 2014
4042,Virtus.Pro | DreamHack 2014
4043,Natus Vincere | DreamHack 2014
4045,Team Dignitas | DreamHack 2014
4046,Bravado Gaming | DreamHack 2014
4047,ESC Gaming | DreamHack 2014
4048,HellRaisers | DreamHack 2014
4049,myXMG | DreamHack 2014
4050,iBUYPOWER | DreamHack 2014
4051,Team LDLC.com | DreamHack 2014
4052,PENTA Sports | DreamHack 2014
4053,Planetkey Dynamics | DreamHack 2014
4054,DreamHack Winter 2014
4055,3DMAX | DreamHack 2014
4056,Copenhagen Wolves | DreamHack 2014
4057,dAT team | DreamHack 2014
4058,London Conspiracy | DreamHack 2014
4059,mousesports | DreamHack 2014
4060,Flipsid3 Tactics | DreamHack 2014
4061,Chroma Case
4062,3DMAX | Katowice 2015
4063,Cloud9 G2A | Katowice 2015
4064,Counter Logic Gaming | Katowice 2015
4065,Flipsid3 Tactics | Katowice 2015
4066,Fnatic | Katowice 2015
4067,HellRaisers | Katowice 2015
4068,Keyd Stars | Katowice 2015
4069,LGB eSports | Katowice 2015
4070,Natus Vincere | Katowice 2015
4071,Ninjas in Pyjamas  | Katowice 2015
4072,PENTA Sports  | Katowice 2015
4073,Team EnVyUs | Katowice 2015
4074,TSM Kinguin | Katowice 2015
4075,Titan | Katowice 2015
4076,Virtus.pro | Katowice 2015
4077,Vox Eminor  | Katowice 2015
4078,ESL One | Katowice 2015
4079,ESL One Katowice 2015 Dust II Souvenir Package
4080,ESL One Katowice 2015 Inferno Souvenir Package
4081,ESL One Katowice 2015 Mirage Souvenir Package
4082,ESL One Katowice 2015 Nuke Souvenir Package
4083,ESL One Katowice 2015 Cache Souvenir Package
4084,ESL One Katowice 2015 Cobblestone Souvenir Package
4085,ESL One Katowice 2015 Overpass Souvenir Package
4086,ESL One Katowice 2015 Legends (Holo/Foil)
4087,ESL One Katowice 2015 Challengers (Holo/Foil)
4088,StatTrak&#8482; Swap Tool Two-pack
4089,Chroma 2 Case
4090,Enfu Sticker Capsule
4091,Falchion Case
4092,Fnatic | Cologne 2015
4093,Virtus.Pro | Cologne 2015
4094,mousesports | Cologne 2015
4095,Natus Vincere | Cologne 2015
4096,Renegades | Cologne 2015
4097,Team Kinguin | Cologne 2015
4098,Team eBettle | Cologne 2015
4099,Cloud9 G2A | Cologne 2015
4100,Ninjas in Pyjamas | Cologne 2015
4101,Team EnVyUs | Cologne 2015
4102,Luminosity Gaming | Cologne 2015
4103,Team SoloMid | Cologne 2015
4104,Team Immunity | Cologne 2015
4105,Flipsid3 Tactics | Cologne 2015
4106,Titan | Cologne 2015
4107,Counter Logic Gaming | Cologne 2015
4108,ESL | Cologne 2015
4109,ESL One Cologne 2015 Legends (Foil)
4110,ESL One Cologne 2015 Challengers (Foil)
4111,Autograph Capsule | Group A (Foil) | Cologne 2015
4112,Autograph Capsule | Group B (Foil) | Cologne 2015
4113,Autograph Capsule | Group C (Foil) | Cologne 2015
4114,Autograph Capsule | Group D (Foil) | Cologne 2015
4115,Autograph Capsule | Fnatic | Cologne 2015
4116,Autograph Capsule | Luminosity Gaming | Cologne 2015
4117,Autograph Capsule | Natus Vincere | Cologne 2015
4118,Autograph Capsule | Ninjas in Pyjamas | Cologne 2015
4119,Autograph Capsule | Team EnVyUs | Cologne 2015
4120,Autograph Capsule | Titan | Cologne 2015
4121,Autograph Capsule | Team SoloMid | Cologne 2015
4122,Autograph Capsule | Virtus.Pro | Cologne 2015
4123,Autograph Capsule | mousesports | Cologne 2015
4124,Autograph Capsule | Renegades | Cologne 2015
4125,Autograph Capsule | Team Immunity | Cologne 2015
4126,Autograph Capsule | Team eBettle | Cologne 2015
4127,Autograph Capsule | Team Kinguin | Cologne 2015
4128,Autograph Capsule | Flipsid3 Tactics | Cologne 2015
4129,Autograph Capsule | Counter Logic Gaming | Cologne 2015
4130,Autograph Capsule | Cloud9 G2A | Cologne 2015
4131,ESL One Cologne 2015 Dust II Souvenir Package
4132,ESL One Cologne 2015 Mirage Souvenir Package
4133,ESL One Cologne 2015 Inferno Souvenir Package
4134,ESL One Cologne 2015 Cobblestone Souvenir Package
4135,ESL One Cologne 2015 Overpass Souvenir Package
4136,ESL One Cologne 2015 Cache Souvenir Package
4137,ESL One Cologne 2015 Train Souvenir Package
4138,Shadow Case
4139,Ninjas in Pyjamas | Cluj-Napoca 2015
4140,Team Dignitas | Cluj-Napoca 2015
4141,Counter Logic Gaming | Cluj-Napoca 2015
4142,Vexed Gaming | Cluj-Napoca 2015
4143,Flipsid3 Tactics | Cluj-Napoca 2015
4144,Team Liquid | Cluj-Napoca 2015
4145,mousesports | Cluj-Napoca 2015
4146,Natus Vincere | Cluj-Napoca 2015
4147,Virtus.Pro | Cluj-Napoca 2015
4148,Cloud9 | Cluj-Napoca 2015
4149,G2 Esports | Cluj-Napoca 2015
4150,Titan | Cluj-Napoca 2015
4151,Team SoloMid | Cluj-Napoca 2015
4152,Team EnVyUs | Cluj-Napoca 2015
4153,Fnatic | Cluj-Napoca 2015
4154,Luminosity Gaming | Cluj-Napoca 2015
4155,DreamHack | Cluj-Napoca 2015
4156,DreamHack Cluj-Napoca 2015 Legends (Foil)
4157,DreamHack Cluj-Napoca 2015 Challengers (Foil)
4158,Autograph Capsule | Challengers (Foil) | Cluj-Napoca 2015
4159,Autograph Capsule | Legends (Foil) | Cluj-Napoca 2015
4160,Autograph Capsule | Ninjas in Pyjamas | Cluj-Napoca 2015
4161,Autograph Capsule | Team Dignitas | Cluj-Napoca 2015
4162,Autograph Capsule | Counter Logic Gaming | Cluj-Napoca 2015
4163,Autograph Capsule | Vexed Gaming | Cluj-Napoca 2015
4164,Autograph Capsule | Flipsid3 Tactics | Cluj-Napoca 2015
4165,Autograph Capsule | Team Liquid | Cluj-Napoca 2015
4166,Autograph Capsule | mousesports | Cluj-Napoca 2015
4167,Autograph Capsule | Natus Vincere | Cluj-Napoca 2015
4168,Autograph Capsule | Virtus.Pro | Cluj-Napoca 2015
4169,Autograph Capsule | Cloud9 | Cluj-Napoca 2015
4170,Autograph Capsule | G2 Esports | Cluj-Napoca 2015
4171,Autograph Capsule | Titan | Cluj-Napoca 2015
4172,Autograph Capsule | Team SoloMid | Cluj-Napoca 2015
4173,Autograph Capsule | Team EnVyUs | Cluj-Napoca 2015
4174,Autograph Capsule | Fnatic | Cluj-Napoca 2015
4175,Autograph Capsule | Luminosity Gaming | Cluj-Napoca 2015
4176,DreamHack Cluj-Napoca 2015 Dust II Souvenir Package
4177,DreamHack Cluj-Napoca 2015 Mirage Souvenir Package
4178,DreamHack Cluj-Napoca 2015 Inferno Souvenir Package
4179,DreamHack Cluj-Napoca 2015 Cobblestone Souvenir Package
4180,DreamHack Cluj-Napoca 2015 Overpass Souvenir Package
4181,DreamHack Cluj-Napoca 2015 Cache Souvenir Package
4182,DreamHack Cluj-Napoca 2015 Train Souvenir Package
4183,Pinups Capsule
4184,Slid3 Capsule
4185,Team Roles Capsule
4186,Revolver Case
4187,Operation Wildfire Case
4188,Ninjas in Pyjamas | MLG Columbus 2016
4189,Splyce | MLG Columbus 2016
4190,Counter Logic Gaming | MLG Columbus 2016
4191,Gambit Gaming | MLG Columbus 2016
4192,Flipsid3 Tactics | MLG Columbus 2016
4193,Team Liquid | MLG Columbus 2016
4194,mousesports | MLG Columbus 2016
4195,Natus Vincere | MLG Columbus 2016
4196,Virtus.Pro | MLG Columbus 2016
4197,Cloud9 | MLG Columbus 2016
4198,G2 Esports | MLG Columbus 2016
4199,FaZe Clan | MLG Columbus 2016
4200,Astralis | MLG Columbus 2016
4201,Team EnVyUs | MLG Columbus 2016
4202,Fnatic | MLG Columbus 2016
4203,Luminosity Gaming | MLG Columbus 2016
4204,MLG | MLG Columbus 2016
4205,MLG Columbus 2016 Legends (Holo/Foil)
4206,MLG Columbus 2016 Challengers (Holo/Foil)
4207,Autograph Capsule | Challengers (Foil) | MLG Columbus 2016
4208,Autograph Capsule | Legends (Foil) | MLG Columbus 2016
4209,Autograph Capsule | Ninjas in Pyjamas | MLG Columbus 2016
4210,Autograph Capsule | Splyce | MLG Columbus 2016
4211,Autograph Capsule | Counter Logic Gaming | MLG Columbus 2016
4212,Autograph Capsule | Gambit Gaming | MLG Columbus 2016
4213,Autograph Capsule | Flipsid3 Tactics | MLG Columbus 2016
4214,Autograph Capsule | Team Liquid | MLG Columbus 2016
4215,Autograph Capsule | mousesports | MLG Columbus 2016
4216,Autograph Capsule | Natus Vincere | MLG Columbus 2016
4217,Autograph Capsule | Virtus.Pro | MLG Columbus 2016
4218,Autograph Capsule | Cloud9 | MLG Columbus 2016
4219,Autograph Capsule | G2 Esports | MLG Columbus 2016
4220,Autograph Capsule | FaZe Clan | MLG Columbus 2016
4221,Autograph Capsule | Astralis | MLG Columbus 2016
4222,Autograph Capsule | Team EnVyUs | MLG Columbus 2016
4223,Autograph Capsule | Fnatic | MLG Columbus 2016
4224,Autograph Capsule | Luminosity Gaming | MLG Columbus 2016
4225,MLG Columbus 2016 Dust II Souvenir Package
4226,MLG Columbus 2016 Mirage Souvenir Package
4227,MLG Columbus 2016 Inferno Souvenir Package
4228,MLG Columbus 2016 Cobblestone Souvenir Package
4229,MLG Columbus 2016 Overpass Souvenir Package
4230,MLG Columbus 2016 Cache Souvenir Package
4231,MLG Columbus 2016 Train Souvenir Package
4232,MLG Columbus 2016 Nuke Souvenir Package
4233,Chroma 3 Case
4234,Community Graffiti Box 1
4235,Collectible Pins Capsule Series 1
4236,Gamma Case
4237,Ninjas in Pyjamas | Cologne 2016
4238,OpTic Gaming | Cologne 2016
4239,Counter Logic Gaming | Cologne 2016
4240,Gambit Gaming | Cologne 2016
4241,Flipsid3 Tactics | Cologne 2016
4242,Team Liquid | Cologne 2016
4243,mousesports | Cologne 2016
4244,Natus Vincere | Cologne 2016
4245,Virtus.Pro | Cologne 2016
4246,SK Gaming | Cologne 2016
4247,G2 Esports | Cologne 2016
4248,FaZe Clan | Cologne 2016
4249,Astralis | Cologne 2016
4250,Team EnVyUs | Cologne 2016
4251,Fnatic | Cologne 2016
4252,Team Dignitas | Cologne 2016
4253,ESL | Cologne 2016
4254,Cologne 2016 Legends (Holo/Foil)
4255,Cologne 2016 Challengers (Holo/Foil)
4256,Autograph Capsule | Challengers (Foil) | Cologne 2016
4257,Autograph Capsule | Legends (Foil) | Cologne 2016
4258,Autograph Capsule | Ninjas in Pyjamas | Cologne 2016
4259,Autograph Capsule | OpTic Gaming | Cologne 2016
4260,Autograph Capsule | Counter Logic Gaming | Cologne 2016
4261,Autograph Capsule | Gambit Gaming | Cologne 2016
4262,Autograph Capsule | Flipsid3 Tactics | Cologne 2016
4263,Autograph Capsule | Team Liquid | Cologne 2016
4264,Autograph Capsule | mousesports | Cologne 2016
4265,Autograph Capsule | Natus Vincere | Cologne 2016
4266,Autograph Capsule | Virtus.Pro | Cologne 2016
4267,Autograph Capsule | SK Gaming | Cologne 2016
4268,Autograph Capsule | G2 Esports | Cologne 2016
4269,Autograph Capsule | FaZe Clan | Cologne 2016
4270,Autograph Capsule | Astralis | Cologne 2016
4271,Autograph Capsule | Team EnVyUs | Cologne 2016
4272,Autograph Capsule | Fnatic | Cologne 2016
4273,Autograph Capsule | Team Dignitas | Cologne 2016
4274,Cologne 2016 Dust II Souvenir Package
4275,Cologne 2016 Mirage Souvenir Package
4276,Cologne 2016 Cobblestone Souvenir Package
4277,Cologne 2016 Overpass Souvenir Package
4278,Cologne 2016 Cache Souvenir Package
4279,Cologne 2016 Train Souvenir Package
4280,Cologne 2016 Nuke Souvenir Package
4281,Gamma 2 Case
4282,Sugarface Capsule
4283,Bestiary Capsule
4284,Collectible Pins Capsule Series 2
4285,CS:GO Graffiti Box
4286,Perfect World Graffiti Box
4287,StatTrak&#8482; Radicals Box
4288,Glove Case
4289,Sticker | Astralis | Atlanta 2017
4290,Sticker | Team EnVyUs | Atlanta 2017
4291,Sticker | FaZe Clan | Atlanta 2017
4292,Sticker | Flipsid3 Tactics | Atlanta 2017
4293,Sticker | Fnatic | Atlanta 2017
4294,Sticker | G2 Esports | Atlanta 2017
4295,Sticker | Gambit Gaming | Atlanta 2017
4296,Sticker | GODSENT | Atlanta 2017
4297,Sticker | HellRaisers | Atlanta 2017
4298,Sticker | mousesports | Atlanta 2017
4299,Sticker | Natus Vincere | Atlanta 2017
4300,Sticker | North | Atlanta 2017
4301,Sticker | OpTic Gaming | Atlanta 2017
4302,Sticker | SK Gaming | Atlanta 2017
4303,Sticker | Team Liquid | Atlanta 2017
4304,Sticker | Virtus.Pro | Atlanta 2017
4305,Sticker | ELEAGUE | Atlanta 2017
4306,Sealed Graffiti | Astralis | Atlanta 2017
4307,Sealed Graffiti | Team EnVyUs | Atlanta 2017
4308,Sealed Graffiti | FaZe Clan | Atlanta 2017
4309,Sealed Graffiti | Flipsid3 Tactics | Atlanta 2017
4310,Sealed Graffiti | Fnatic | Atlanta 2017
4311,Sealed Graffiti | G2 Esports | Atlanta 2017
4312,Sealed Graffiti | Gambit Gaming | Atlanta 2017
4313,Sealed Graffiti | GODSENT | Atlanta 2017
4314,Sealed Graffiti | HellRaisers | Atlanta 2017
4315,Sealed Graffiti | mousesports | Atlanta 2017
4316,Sealed Graffiti | Natus Vincere | Atlanta 2017
4317,Sealed Graffiti | North | Atlanta 2017
4318,Sealed Graffiti | OpTic Gaming | Atlanta 2017
4319,Sealed Graffiti | SK Gaming | Atlanta 2017
4320,Sealed Graffiti | Team Liquid | Atlanta 2017
4321,Sealed Graffiti | Virtus.Pro | Atlanta 2017
4322,Sealed Graffiti | ELEAGUE | Atlanta 2017
4323,Atlanta 2017 Legends (Holo/Foil)
4324,Atlanta 2017 Challengers (Holo/Foil)
4325,Autograph Capsule | Challengers (Foil) | Atlanta 2017
4326,Autograph Capsule | Legends (Foil) | Atlanta 2017
4327,Autograph Capsule | Astralis | Atlanta 2017
4328,Autograph Capsule | Team EnVyUs | Atlanta 2017
4329,Autograph Capsule | FaZe Clan | Atlanta 2017
4330,Autograph Capsule | Flipsid3 Tactics | Atlanta 2017
4331,Autograph Capsule | Fnatic | Atlanta 2017
4332,Autograph Capsule | G2 Esports | Atlanta 2017
4333,Autograph Capsule | Gambit Gaming | Atlanta 2017
4334,Autograph Capsule | GODSENT | Atlanta 2017
4335,Autograph Capsule | HellRaisers | Atlanta 2017
4336,Autograph Capsule | mousesports | Atlanta 2017
4337,Autograph Capsule | Natus Vincere | Atlanta 2017
4338,Autograph Capsule | North | Atlanta 2017
4339,Autograph Capsule | OpTic Gaming | Atlanta 2017
4340,Autograph Capsule | SK Gaming | Atlanta 2017
4341,Autograph Capsule | Team Liquid | Atlanta 2017
4342,Autograph Capsule | Virtus.Pro | Atlanta 2017
4343,Atlanta 2017 Mega Bundle
4344,Atlanta 2017 Dust II Souvenir Package
4345,Atlanta 2017 Mirage Souvenir Package
4346,Atlanta 2017 Cobblestone Souvenir Package
4347,Atlanta 2017 Overpass Souvenir Package
4348,Atlanta 2017 Cache Souvenir Package
4349,Atlanta 2017 Train Souvenir Package
4350,Atlanta 2017 Nuke Souvenir Package
4351,Spectrum Case
4352,Operation Hydra Case
4353,Operation Hydra Challenge Coin
4354,Silver Operation Hydra Coin
4355,Gold Operation Hydra Coin
4356,Diamond Operation Hydra Coin
4357,Sticker | Astralis | Krakow 2017
4358,Sticker | Virtus.Pro | Krakow 2017
4359,Sticker | Fnatic | Krakow 2017
4360,Sticker | SK Gaming | Krakow 2017
4361,Sticker | Natus Vincere | Krakow 2017
4362,Sticker | Gambit | Krakow 2017
4363,Sticker | North | Krakow 2017
4364,Sticker | FaZe Clan | Krakow 2017
4365,Sticker | mousesports | Krakow 2017
4366,Sticker | G2 Esports | Krakow 2017
4367,Sticker | BIG | Krakow 2017
4368,Sticker | Cloud9 | Krakow 2017
4369,Sticker | PENTA Sports | Krakow 2017
4370,Sticker | Flipsid3 Tactics | Krakow 2017
4371,Sticker | Immortals | Krakow 2017
4372,Sticker | Vega Squadron | Krakow 2017
4373,Sticker | PGL | Krakow 2017
4374,Sealed Graffiti | Astralis | Krakow 2017
4375,Sealed Graffiti | Virtus.Pro | Krakow 2017
4376,Sealed Graffiti | Fnatic | Krakow 2017
4377,Sealed Graffiti | SK Gaming | Krakow 2017
4378,Sealed Graffiti | Natus Vincere | Krakow 2017
4379,Sealed Graffiti | Gambit | Krakow 2017
4380,Sealed Graffiti | North | Krakow 2017
4381,Sealed Graffiti | FaZe Clan | Krakow 2017
4382,Sealed Graffiti | mousesports | Krakow 2017
4383,Sealed Graffiti | G2 Esports | Krakow 2017
4384,Sealed Graffiti | BIG | Krakow 2017
4385,Sealed Graffiti | Cloud9 | Krakow 2017
4386,Sealed Graffiti | PENTA Sports | Krakow 2017
4387,Sealed Graffiti | Flipsid3 Tactics | Krakow 2017
4388,Sealed Graffiti | Immortals | Krakow 2017
4389,Sealed Graffiti | Vega Squadron | Krakow 2017
4390,Sealed Graffiti | PGL | Krakow 2017
4391,Krakow 2017 Legends (Holo/Foil)
4392,Krakow 2017 Challengers (Holo/Foil)
4393,Krakow 2017 Challengers Autograph Capsule
4394,Krakow 2017 Legends Autograph Capsule
4395,Krakow 2017 Mega Bundle
4396,Krakow 2017 Inferno Souvenir Package
4397,Krakow 2017 Mirage Souvenir Package
4398,Krakow 2017 Cobblestone Souvenir Package
4399,Krakow 2017 Overpass Souvenir Package
4400,Krakow 2017 Cache Souvenir Package
4401,Krakow 2017 Train Souvenir Package
4402,Krakow 2017 Nuke Souvenir Package
4403,Spectrum 2 Case
4404,Perfect World Sticker Capsule 1
4405,Perfect World Sticker Capsule 2
4406,Sticker | Gambit Esports | Boston 2018
4407,Sticker | 100 Thieves | Boston 2018
4408,Sticker | Astralis | Boston 2018
4409,Sticker | Virtus.Pro | Boston 2018
4410,Sticker | Fnatic | Boston 2018
4411,Sticker | SK Gaming | Boston 2018
4412,Sticker | BIG | Boston 2018
4413,Sticker | North | Boston 2018
4414,Sticker | G2 Esports | Boston 2018
4415,Sticker | Cloud9 | Boston 2018
4416,Sticker | Flipsid3 Tactics | Boston 2018
4417,Sticker | Natus Vincere | Boston 2018
4418,Sticker | mousesports | Boston 2018
4419,Sticker | Sprout Esports | Boston 2018
4420,Sticker | FaZe Clan | Boston 2018
4421,Sticker | Vega Squadron | Boston 2018
4422,Sticker | Space Soldiers | Boston 2018
4423,Sticker | Team Liquid | Boston 2018
4424,Sticker | Avangar | Boston 2018
4425,Sticker | Renegades | Boston 2018
4426,Sticker | Team EnVyUs | Boston 2018
4427,Sticker | Misfits Gaming | Boston 2018
4428,Sticker | Quantum Bellator Fire | Boston 2018
4429,Sticker | Tyloo | Boston 2018
4430,Sticker | ELEAGUE | Boston 2018
4431,Sealed Graffiti | Gambit Esports | Boston 2018
4432,Sealed Graffiti | 100 Thieves | Boston 2018
4433,Sealed Graffiti | Astralis | Boston 2018
4434,Sealed Graffiti | Virtus.Pro | Boston 2018
4435,Sealed Graffiti | Fnatic | Boston 2018
4436,Sealed Graffiti | SK Gaming | Boston 2018
4437,Sealed Graffiti | BIG | Boston 2018
4438,Sealed Graffiti | North | Boston 2018
4439,Sealed Graffiti | G2 Esports | Boston 2018
4440,Sealed Graffiti | Cloud9 | Boston 2018
4441,Sealed Graffiti | Flipsid3 Tactics | Boston 2018
4442,Sealed Graffiti | Natus Vincere | Boston 2018
4443,Sealed Graffiti | mousesports | Boston 2018
4444,Sealed Graffiti | Sprout Esports | Boston 2018
4445,Sealed Graffiti | FaZe Clan | Boston 2018
4446,Sealed Graffiti | Vega Squadron | Boston 2018
4447,Sealed Graffiti | Space Soldiers | Boston 2018
4448,Sealed Graffiti | Team Liquid | Boston 2018
4449,Sealed Graffiti | Avangar | Boston 2018
4450,Sealed Graffiti | Renegades | Boston 2018
4451,Sealed Graffiti | Team EnVyUs | Boston 2018
4452,Sealed Graffiti | Misfits Gaming | Boston 2018
4453,Sealed Graffiti | Quantum Bellator Fire | Boston 2018
4454,Sealed Graffiti | Tyloo | Boston 2018
4455,Sealed Graffiti | ELEAGUE | Boston 2018
4456,Boston 2018 Legends (Holo/Foil)
4457,Boston 2018 Returning Challengers (Holo/Foil)
4458,Boston 2018 Minor Challengers (Holo/Foil)
4459,Boston 2018 Legends Autograph Capsule
4460,Boston 2018 Returning Challengers Autograph Capsule
4461,Boston 2018 Minor Challengers Autograph Capsule
4462,Boston 2018 Mega Bundle
4463,Boston 2018 Inferno Souvenir Package
4464,Boston 2018 Mirage Souvenir Package
4465,Boston 2018 Cobblestone Souvenir Package
4466,Boston 2018 Overpass Souvenir Package
4467,Boston 2018 Cache Souvenir Package
4468,Boston 2018 Train Souvenir Package
4469,Boston 2018 Nuke Souvenir Package
4470,Community Capsule 2018
4471,Clutch Case
4472,Sticker | Flash Gaming | Boston 2018
4473,Sealed Graffiti | Flash Gaming | Boston 2018
4474,Boston 2018 Minor Challengers with Flash Gaming (Holo/Foil)
4475,Boston 2018 Minor Challengers with Flash Gaming Autograph Capsule
4476,Boston 2018 Mega Bundle
4477,Chicken Capsule
4478,Boston 2018 Attending Legends (Holo/Foil)
4479,Boston 2018 Attending Legends Autograph Capsule
4480,Boston 2018 Mega Bundle
4481,Collectible Pins Capsule Series 3
4482,Horizon Case
4483,Sticker | Cloud9 | London 2018
4484,Sticker | FaZe Clan | London 2018
4485,Sticker | Natus Vincere | London 2018
4486,Sticker | MIBR | London 2018
4487,Sticker | mousesports | London 2018
4488,Sticker | Winstrike Team | London 2018
4489,Sticker | G2 Esports | London 2018
4490,Sticker | Fnatic | London 2018
4491,Sticker | Gambit Esports | London 2018
4492,Sticker | Vega Squadron | London 2018
4493,Sticker | Space Soldiers | London 2018
4494,Sticker | BIG | London 2018
4495,Sticker | Astralis | London 2018
4496,Sticker | Team Liquid | London 2018
4497,Sticker | North | London 2018
4498,Sticker | Virtus.Pro | London 2018
4499,Sticker | Ninjas in Pyjamas | London 2018
4500,Sticker | compLexity Gaming | London 2018
4501,Sticker | HellRaisers | London 2018
4502,Sticker | Renegades | London 2018
4503,Sticker | OpTic Gaming | London 2018
4504,Sticker | Rogue | London 2018
4505,Sticker | Team Spirit | London 2018
4506,Sticker | Tyloo | London 2018
4507,Sticker | FACEIT | London 2018
4508,Sealed Graffiti | Cloud9 | London 2018
4509,Sealed Graffiti | FaZe Clan | London 2018
4510,Sealed Graffiti | Natus Vincere | London 2018
4511,Sealed Graffiti | MIBR | London 2018
4512,Sealed Graffiti | mousesports | London 2018
4513,Sealed Graffiti | Winstrike Team | London 2018
4514,Sealed Graffiti | G2 Esports | London 2018
4515,Sealed Graffiti | Fnatic | London 2018
4516,Sealed Graffiti | Gambit Esports | London 2018
4517,Sealed Graffiti | Vega Squadron | London 2018
4518,Sealed Graffiti | Space Soldiers | London 2018
4519,Sealed Graffiti | BIG | London 2018
4520,Sealed Graffiti | Astralis | London 2018
4521,Sealed Graffiti | Team Liquid | London 2018
4522,Sealed Graffiti | North | London 2018
4523,Sealed Graffiti | Virtus.Pro | London 2018
4524,Sealed Graffiti | Ninjas in Pyjamas | London 2018
4525,Sealed Graffiti | compLexity Gaming | London 2018
4526,Sealed Graffiti | HellRaisers | London 2018
4527,Sealed Graffiti | Renegades | London 2018
4528,Sealed Graffiti | OpTic Gaming | London 2018
4529,Sealed Graffiti | Rogue | London 2018
4530,Sealed Graffiti | Team Spirit | London 2018
4531,Sealed Graffiti | Tyloo | London 2018
4532,Sealed Graffiti | FACEIT | London 2018
4533,London 2018 Legends (Holo/Foil)
4534,London 2018 Returning Challengers (Holo/Foil)
4535,London 2018 Minor Challengers (Holo/Foil)
4536,London 2018 Legends Autograph Capsule
4537,London 2018 Returning Challengers Autograph Capsule
4538,London 2018 Minor Challengers Autograph Capsule
4539,London 2018 Mega Bundle
4540,London 2018 Inferno Souvenir Package
4541,London 2018 Mirage Souvenir Package
4542,London 2018 Dust II Souvenir Package
4543,London 2018 Overpass Souvenir Package
4544,London 2018 Cache Souvenir Package
4545,London 2018 Train Souvenir Package
4546,London 2018 Nuke Souvenir Package
4547,Skill Groups Capsule
4548,Danger Zone Case
4549,Operation Shattered Web Premium Pass
4550,Operation Shattered Web Challenge Coin
4551,Silver Operation Shattered Web Coin
4552,Gold Operation Shattered Web Coin
4553,Diamond Operation Shattered Web Coin
4554,Katowice 2019 Viewer Pass
4555,Katowice 2019 Coin
4556,Katowice 2019 Silver Coin
4557,Katowice 2019 Gold Coin
4558,Katowice 2019 Diamond Coin
4559,Sticker | Astralis | Katowice 2019
4560,Sticker | Avangar | Katowice 2019
4561,Sticker | BIG | Katowice 2019
4562,Sticker | Cloud9 | Katowice 2019
4563,Sticker | compLexity Gaming | Katowice 2019
4564,Sticker | ENCE | Katowice 2019
4565,Sticker | FaZe Clan | Katowice 2019
4566,Sticker | Fnatic | Katowice 2019
4567,Sticker | FURIA | Katowice 2019
4568,Sticker | G2 Esports | Katowice 2019
4569,Sticker | Grayhound Gaming | Katowice 2019
4570,Sticker | HellRaisers | Katowice 2019
4571,Sticker | MIBR | Katowice 2019
4572,Sticker | Natus Vincere | Katowice 2019
4573,Sticker | Ninjas in Pyjamas | Katowice 2019
4574,Sticker | NRG | Katowice 2019
4575,Sticker | Renegades | Katowice 2019
4576,Sticker | Team Liquid | Katowice 2019
4577,Sticker | Team Spirit | Katowice 2019
4578,Sticker | Tyloo | Katowice 2019
4579,Sticker | Vega Squadron | Katowice 2019
4580,Sticker | ViCi Gaming | Katowice 2019
4581,Sticker | Vitality | Katowice 2019
4582,Sticker | Winstrike Team | Katowice 2019
4583,Sticker | IEM | Katowice 2019
4584,Katowice 2019 Legends (Holo/Foil)
4585,Katowice 2019 Returning Challengers (Holo/Foil)
4586,Katowice 2019 Minor Challengers (Holo/Foil)
4587,Katowice 2019 Legends Autograph Capsule
4588,Katowice 2019 Returning Challengers Autograph Capsule
4589,Katowice 2019 Minor Challengers Autograph Capsule
4590,Katowice 2019 Inferno Souvenir Package
4591,Katowice 2019 Mirage Souvenir Package
4592,Katowice 2019 Dust II Souvenir Package
4593,Katowice 2019 Overpass Souvenir Package
4594,Katowice 2019 Cache Souvenir Package
4595,Katowice 2019 Train Souvenir Package
4596,Katowice 2019 Nuke Souvenir Package
4597,Halo Capsule
4598,Prisma Case
4599,Feral Predators Capsule
4600,Shattered Web Sticker Collection
4601,The Overpass Collection
4602,The Cobblestone Collection
4603,The Cache Collection
4604,The Gods and Monsters Collection
4605,The Chop Shop Collection
4606,The Rising Sun Collection
4607,Bonus Rank XP
4608,The Canals Collection
4609,Patch
4610,CS:GO Patch Pack
4611,The Norse Collection
4612,The St. Marc Collection
4613,Bloody Darryl The Strapped | The Professionals
4614,Metal Skill Group Patch Collection
4615,Half-Life: Alyx Patch Pack
4616,"Warhammer 40,000 Sticker Capsule"
4617,CS:GO Graffiti #3 Collection
4618,Trolling Graffiti Collection
4619,'Blueberries' Buckshot | NSWC SEAL
4620,Shattered Web Case
4621,CS:GO Graffiti #2 Collection
4622,Berlin 2019 Viewer Pass
4623,Berlin 2019 Coin
4624,Berlin 2019 Silver Coin
4625,Berlin 2019 Gold Coin
4626,Berlin 2019 Diamond Coin
4627,Berlin 2019 Viewer Pass + 3 Souvenir Tokens
4628,Berlin 2019 Souvenir Token
4629,Sticker | Astralis | Berlin 2019
4630,Sticker | ENCE | Berlin 2019
4631,Sticker | MIBR | Berlin 2019
4632,Sticker | Natus Vincere | Berlin 2019
4633,Sticker | Ninjas in Pyjamas | Berlin 2019
4634,Sticker | FaZe Clan | Berlin 2019
4635,Sticker | Team Liquid | Berlin 2019
4636,Sticker | Renegades | Berlin 2019
4637,Sticker | compLexity Gaming | Berlin 2019
4638,Sticker | HellRaisers | Berlin 2019
4639,Sticker | Avangar | Berlin 2019
4640,Sticker | G2 Esports | Berlin 2019
4641,Sticker | Vitality | Berlin 2019
4642,Sticker | Grayhound Gaming | Berlin 2019
4643,Sticker | mousesports | Berlin 2019
4644,Sticker | forZe eSports | Berlin 2019
4645,Sticker | NRG | Berlin 2019
4646,Sticker | Tyloo | Berlin 2019
4647,Sticker | FURIA | Berlin 2019
4648,Sticker | CR4ZY | Berlin 2019
4649,Sticker | Syman Gaming | Berlin 2019
4650,Sticker | North | Berlin 2019
4651,Sticker | DreamEaters | Berlin 2019
4652,Sticker | INTZ E-SPORTS CLUB | Berlin 2019
4653,Sticker | StarLadder | Berlin 2019
4654,Berlin 2019 Legends (Holo/Foil)
4655,Berlin 2019 Returning Challengers (Holo/Foil)
4656,Berlin 2019 Minor Challengers (Holo/Foil)
4657,Berlin 2019 Legends Autograph Capsule
4658,Berlin 2019 Returning Challengers Autograph Capsule
4659,Berlin 2019 Minor Challengers Autograph Capsule
4660,Berlin 2019 Inferno Souvenir Package
4661,Berlin 2019 Mirage Souvenir Package
4662,Berlin 2019 Dust II Souvenir Package
4663,Berlin 2019 Overpass Souvenir Package
4664,Berlin 2019 Train Souvenir Package
4665,Berlin 2019 Nuke Souvenir Package
4666,Berlin 2019 Vertigo Souvenir Package
4667,Shattered Web Sticker Collection
4668,X-Ray P250 Package
4669,CS20 Case
4670,CS20 Sticker Capsule
4671,1 Star for Operation Shattered Web
4672,10 Stars for Operation Shattered Web
4673,100 Stars for Operation Shattered Web
4674,2020 Service Medal
4675,2020 Service Medal
4676,2020 Service Medal
4677,2020 Service Medal
4678,2020 Service Medal
4679,2020 Service Medal
4680,'Two Times' McCoy | TACP Cavalry
4682,Civil Protection Pin
4683,Sustenance! Pin
4684,Vortigaunt Pin
4685,Headcrab Glyph Pin
4686,Health Pin
4687,Lambda Pin
4688,Copper Lambda Pin
4689,CMB Pin
4690,Black Mesa Pin
4691,Combine Helmet Pin
4692,City 17 Pin
4693,Half-Life: Alyx Collectible Pins Capsule
4694,Half-Life: Alyx Sticker Capsule
4695,Prisma 2 Case
4696,Masterminds Music Kit Box
4697,StatTrak&#8482; Masterminds Music Kit Box
4698,Fracture Case
4699,Operation Broken Fang Premium Pass
4700,Operation Broken Fang Challenge Coin
4701,Silver Operation Broken Fang Coin
4702,Gold Operation Broken Fang Coin
4703,Diamond Operation Broken Fang Coin
4704,1 Star for Operation Broken Fang
4705,10 Stars for Operation Broken Fang
4706,100 Stars for Operation Broken Fang
4707,Distinguished Agents
4708,Exceptional Agents
4709,Superior Agents
4710,Master Agent - Commander Mae
4711,Cmdr. Mae 'Dead Cold' Jamison | SWAT
4712,1st Lieutenant Farlow | SWAT
4713,John 'Van Healen' Kask | SWAT
4714,Bio-Haz Specialist | SWAT
4715,Sergeant Bombson | SWAT
4716,Chem-Haz Specialist | SWAT
4717,Operation Broken Fang Case
4718,Rezan the Redshirt | Sabre
4719,Recoil Sticker Collection
4720,The Control Collection
4721,The Havoc Collection
4722,The Ancient Collection
4723,Recoil Sticker Collection
4724,Master Agents - Sir Bloody Darryl
4725,Broken Fang Gloves
4726,Sir Bloody Miami Darryl | The Professionals
4727,Safecracker Voltzmann | The Professionals
4728,Little Kev | The Professionals
4729,Broken Fang Sticker Collection
4730,Getaway Sally | The Professionals
4731,Broken Fang Sticker Collection
4732,Number K | The Professionals
4733,Sir Bloody Silent Darryl | The Professionals
4734,Sir Bloody Skullhead Darryl | The Professionals
4735,Sir Bloody Darryl Royale | The Professionals
4736,Sir Bloody Loudmouth Darryl | The Professionals
4737,2021 Service Medal
4738,2021 Service Medal
4739,2021 Service Medal
4740,2021 Service Medal
4741,2021 Service Medal
4742,2021 Service Medal
4743,2020 RMR Legends
4744,2020 RMR Challengers
4745,2020 RMR Contenders
4746,Poorly Drawn Capsule
4747,Snakebite Case
4748,CS:GO Subscription Service
4749,Sous-Lieutenant Medic | Gendarmerie Nationale
4750,Chem-Haz Capitaine | Gendarmerie Nationale
4751,Chef d'Escadron Rouchard | Gendarmerie Nationale
4752,Aspirant | Gendarmerie Nationale
4753,Officer Jacques Beltram | Gendarmerie Nationale
4754,Tacticians Music Kit Box
4755,StatTrak&#8482; Tacticians Music Kit Box
4756,Lieutenant 'Tree Hugger' Farlow | SWAT
4757,Cmdr. Davida 'Goggles' Fernandez | SEAL Frogman
4758,Operation Riptide Premium Pass
4759,Operation Riptide Challenge Coin
4760,Silver Operation Riptide Coin
4761,Gold Operation Riptide Coin
4762,Diamond Operation Riptide Coin
4763,1 Star for Operation Riptide
4764,10 Stars for Operation Riptide
4765,100 Stars for Operation Riptide
4766,Distinguished Agents
4767,Exceptional Agents
4768,Superior Agents
4769,CT Master Agents
4770,T Master Agents
4771,Cmdr. Frank 'Wet Sox' Baroud | SEAL Frogman
4772,Lieutenant Rex Krikey | SEAL Frogman
4773,Elite Trapper Solman | Guerrilla Warfare
4774,Crasswater The Forgotten | Guerrilla Warfare
4775,Arno The Overgrown | Guerrilla Warfare
4776,Col. Mangos Dabisi | Guerrilla Warfare
4777,Vypa Sista of the Revolution | Guerrilla Warfare
4778,Trapper Aggressor | Guerrilla Warfare
4779,Riptide Surf Shop Sticker Collection
4780,'Medium Rare' Crasswater | Guerrilla Warfare
4781,Trapper | Guerrilla Warfare
4782,2021 Community Sticker Capsule
4783,Operation Riptide Sticker Collection
4784,The Boardroom Sticker Capsule
4785,The 2021 Train Collection
4786,The 2021 Train Collection
4787,The 2021 Train Collection
4788,The 2021 Train Collection
4789,Battlefield 2042 Sticker Capsule
4790,Operation Riptide Case
4791,Riptide Surf Shop Sticker Collection
4792,The 2021 Vertigo Collection
4793,The 2021 Dust 2 Collection
4794,The 2021 Mirage Collection
4795,Operation Riptide Patch Collection
4796,Stockholm 2021 Viewer Pass
4797,Stockholm 2021 Coin
4798,Stockholm 2021 Silver Coin
4799,Stockholm 2021 Gold Coin
4800,Stockholm 2021 Diamond Coin
4801,Stockholm 2021 Viewer Pass + 3 Souvenir Tokens
4802,Stockholm 2021 Souvenir Token
4803,Stockholm 2021 Legends Sticker Capsule
4804,Stockholm 2021 Challengers Sticker Capsule
4805,Stockholm 2021 Contenders Sticker Capsule
4806,Stockholm 2021 Legends Patch Pack
4807,Stockholm 2021 Challengers Patch Pack
4808,Stockholm 2021 Contenders Patch Pack
4809,Stockholm 2021 Inferno Souvenir Package
4810,Stockholm 2021 Mirage Souvenir Package
4811,Stockholm 2021 Dust II Souvenir Package
4812,Stockholm 2021 Overpass Souvenir Package
4813,Stockholm 2021 Ancient Souvenir Package
4814,Stockholm 2021 Nuke Souvenir Package
4815,Stockholm 2021 Vertigo Souvenir Package
4816,Stockholm 2021 Champions Autograph Capsule
4817,Stockholm 2021 Finalists Autograph Capsule
4818,Dreams &amp; Nightmares Case
4819,2022 Service Medal
4820,2022 Service Medal
4821,2022 Service Medal
4822,2022 Service Medal
4823,2022 Service Medal
4824,2022 Service Medal
4825,Antwerp 2022 Viewer Pass
4826,Antwerp 2022 Coin
4827,Antwerp 2022 Silver Coin
4828,Antwerp 2022 Gold Coin
4829,Antwerp 2022 Diamond Coin
4830,Antwerp 2022 Viewer Pass + 3 Souvenir Tokens
4831,Antwerp 2022 Souvenir Token
4832,Antwerp 2022 Legends Sticker Capsule
4833,Antwerp 2022 Challengers Sticker Capsule
4834,Antwerp 2022 Contenders Sticker Capsule
4835,Antwerp 2022 Inferno Souvenir Package
4836,Antwerp 2022 Mirage Souvenir Package
4837,Antwerp 2022 Dust II Souvenir Package
4838,Antwerp 2022 Overpass Souvenir Package
4839,Antwerp 2022 Ancient Souvenir Package
4840,Antwerp 2022 Nuke Souvenir Package
4841,Antwerp 2022 Vertigo Souvenir Package
4842,Antwerp 2022 Legends Autograph Capsule
4843,Antwerp 2022 Challengers Autograph Capsule
4844,Antwerp 2022 Contenders Autograph Capsule
4845,Antwerp 2022 Champions Autograph Capsule
5027,Bloodhound Gloves
5028,Default T Gloves
5029,Default CT Gloves
5030,Sport Gloves
5031,Driver Gloves
5032,Hand Wraps
5033,Moto Gloves
5034,Specialist Gloves
5035,Hydra Gloves
5036,Local T Agent
5037,Local CT Agent
5038,CSGO_CustomPlayer_tm_anarchist
5039,CSGO_CustomPlayer_tm_anarchist_varianta
5040,CSGO_CustomPlayer_tm_anarchist_variantb
5041,CSGO_CustomPlayer_tm_anarchist_variantc
5042,CSGO_CustomPlayer_tm_anarchist_variantd
5043,CSGO_CustomPlayer_tm_pirate
5044,CSGO_CustomPlayer_tm_pirate_varianta
5045,CSGO_CustomPlayer_tm_pirate_variantb
5046,CSGO_CustomPlayer_tm_pirate_variantc
5047,CSGO_CustomPlayer_tm_pirate_variantd
5048,CSGO_CustomPlayer_tm_professional
5049,CSGO_CustomPlayer_tm_professional_var1
5050,CSGO_CustomPlayer_tm_professional_var2
5051,CSGO_CustomPlayer_tm_professional_var3
5052,CSGO_CustomPlayer_tm_professional_var4
5053,CSGO_CustomPlayer_tm_separatist
5054,CSGO_CustomPlayer_tm_separatist_varianta
5055,CSGO_CustomPlayer_tm_separatist_variantb
5056,CSGO_CustomPlayer_tm_separatist_variantc
5057,CSGO_CustomPlayer_tm_separatist_variantd
5058,CSGO_CustomPlayer_ctm_gign
5059,CSGO_CustomPlayer_ctm_gign_varianta
5060,CSGO_CustomPlayer_ctm_gign_variantb
5061,CSGO_CustomPlayer_ctm_gign_variantc
5062,CSGO_CustomPlayer_ctm_gign_variantd
5063,CSGO_CustomPlayer_ctm_gsg9
5064,CSGO_CustomPlayer_ctm_gsg9_varianta
5065,CSGO_CustomPlayer_ctm_gsg9_variantb
5066,CSGO_CustomPlayer_ctm_gsg9_variantc
5067,CSGO_CustomPlayer_ctm_gsg9_variantd
5068,CSGO_CustomPlayer_ctm_idf
5069,CSGO_CustomPlayer_ctm_idf_variantb
5070,CSGO_CustomPlayer_ctm_idf_variantc
5071,CSGO_CustomPlayer_ctm_idf_variantd
5072,CSGO_CustomPlayer_ctm_idf_variante
5073,CSGO_CustomPlayer_ctm_idf_variantf
5074,CSGO_CustomPlayer_ctm_swat
5075,CSGO_CustomPlayer_ctm_swat_varianta
5076,CSGO_CustomPlayer_ctm_swat_variantb
5077,CSGO_CustomPlayer_ctm_swat_variantc
5078,CSGO_CustomPlayer_ctm_swat_variantd
5079,CSGO_CustomPlayer_ctm_sas_varianta
5080,CSGO_CustomPlayer_ctm_sas_variantb
5081,CSGO_CustomPlayer_ctm_sas_variantc
5082,CSGO_CustomPlayer_ctm_sas_variantd
5083,CSGO_CustomPlayer_ctm_st6
5084,CSGO_CustomPlayer_ctm_st6_varianta
5085,CSGO_CustomPlayer_ctm_st6_variantb
5086,CSGO_CustomPlayer_ctm_st6_variantc
5087,CSGO_CustomPlayer_ctm_st6_variantd
5088,CSGO_CustomPlayer_tm_balkan_variante
5089,CSGO_CustomPlayer_tm_balkan_varianta
5090,CSGO_CustomPlayer_tm_balkan_variantb
5091,CSGO_CustomPlayer_tm_balkan_variantc
5092,CSGO_CustomPlayer_tm_balkan_variantd
5093,CSGO_CustomPlayer_tm_jumpsuit_varianta
5094,CSGO_CustomPlayer_tm_jumpsuit_variantb
5095,CSGO_CustomPlayer_tm_jumpsuit_variantc
5096,CSGO_CustomPlayer_tm_phoenix_heavy
5097,CSGO_CustomPlayer_ctm_heavy
5100,CSGO_CustomPlayer_tm_leet_varianta
5101,CSGO_CustomPlayer_tm_leet_variantb
5102,CSGO_CustomPlayer_tm_leet_variantc
5103,CSGO_CustomPlayer_tm_leet_variantd
5104,CSGO_CustomPlayer_tm_leet_variante
5105,Ground Rebel  | Elite Crew
5106,Osiris | Elite Crew
5107,Prof. Shahmat | Elite Crew
5108,The Elite Mr. Muhlik | Elite Crew
5109,Jungle Rebel | Elite Crew
5200,CSGO_CustomPlayer_tm_phoenix
5201,CSGO_CustomPlayer_tm_phoenix_varianta
5202,CSGO_CustomPlayer_tm_phoenix_variantb
5203,CSGO_CustomPlayer_tm_phoenix_variantc
5204,CSGO_CustomPlayer_tm_phoenix_variantd
5205,Soldier | Phoenix
5206,Enforcer | Phoenix
5207,Slingshot | Phoenix
5208,Street Soldier | Phoenix
5300,CSGO_CustomPlayer_ctm_fbi
5301,CSGO_CustomPlayer_ctm_fbi_varianta
5302,CSGO_CustomPlayer_ctm_fbi_variantc
5303,CSGO_CustomPlayer_ctm_fbi_variantd
5304,CSGO_CustomPlayer_ctm_fbi_variante
5305,Operator | FBI SWAT
5306,Markus Delrow | FBI HRT
5307,Michael Syfers  | FBI Sniper
5308,Special Agent Ava | FBI
5400,3rd Commando Company | KSK
5401,Seal Team 6 Soldier | NSWC SEAL
5402,Buckshot | NSWC SEAL
5403,'Two Times' McCoy | USAF TACP
5404,Lt. Commander Ricksaw | NSWC SEAL
5405,Primeiro Tenente | Brazilian 1st Battalion
5500,Dragomir | Sabre
5501,Maximus | Sabre
5502,Rezan The Ready | Sabre
5503,Blackwolf | Sabre
5504,'The Doctor' Romanov | Sabre
5505,Dragomir | Sabre Footsoldier
5600,CSGO_CustomPlayer_ctm_sas
5601,B Squadron Officer | SAS
5602,D Squadron Officer | NZSAS
6001,Dust II Pin
6002,Guardian Elite Pin
6003,Mirage Pin
6004,Inferno Pin
6005,Italy Pin
6006,Victory Pin
6007,Militia Pin
6008,Nuke Pin
6009,Train Pin
6010,Guardian Pin
6011,Tactics Pin
6012,Guardian 2 Pin
6013,Bravo Pin
6014,Baggage Pin
6015,Phoenix Pin
6016,Office Pin
6017,Cobblestone Pin
6018,Overpass Pin
6019,Bloodhound Pin
6020,Cache Pin
6021,Valeria Phoenix Pin
6022,Chroma Pin
6023,Guardian 3 Pin
6024,Canals Pin
6025,Welcome to the Clutch Pin
6026,Death Sentence Pin
6027,Inferno 2 Pin
6028,Wildfire Pin
6029,Easy Peasy Pin
6030,Aces High Pin
6031,Hydra Pin
6032,Howl Pin
6033,Brigadier General Pin
6034,Alyx Pin
6035,item 6035
6036,item 6036
6037,item 6037
6038,item 6038
6039,item 6039
6040,item 6040
6041,item 6041
6042,item 6042
6043,item 6043
6044,item 6044
6045,item 6045
6046,item 6046
6047,item 6047
6048,item 6048
6049,item 6049
6050,item 6050
6051,item 6051
6052,item 6052
6053,item 6053
6054,item 6054
6055,item 6055
6056,item 6056
6057,item 6057
6058,item 6058
6059,item 6059
6060,item 6060
6061,item 6061
6062,item 6062
6063,item 6063
6064,item 6064
6065,item 6065
6066,item 6066
6067,item 6067
6068,item 6068
6069,item 6069
6070,item 6070
6071,item 6071
6072,item 6072
6073,item 6073
6074,item 6074
6075,item 6075
6076,item 6076
6077,item 6077
6078,item 6078
6079,item 6079
6080,item 6080
6081,item 6081
6082,item 6082
6083,item 6083
6084,item 6084
6085,item 6085
6086,item 6086
6087,item 6087
6088,item 6088
6101,Dust II Pin
6102,Guardian Elite Pin
6103,Mirage Pin
6104,Inferno Pin
6105,Italy Pin
6106,Victory Pin
6107,Militia Pin
6108,Nuke Pin
6109,Train Pin
6110,Guardian Pin
6111,Tactics Pin
6112,Guardian 2 Pin
6113,Bravo Pin
6114,Baggage Pin
6115,Phoenix Pin
6116,Office Pin
6117,Cobblestone Pin
6118,Overpass Pin
6119,Bloodhound Pin
6120,Cache Pin
6121,Valeria Phoenix Pin
6122,Chroma Pin
6123,Guardian 3 Pin
6124,Canals Pin
6125,Welcome to the Clutch Pin
6126,Death Sentence Pin
6127,Inferno 2 Pin
6128,Wildfire Pin
6129,Easy Peasy Pin
6130,Aces High Pin
6131,Hydra Pin
6132,Howl Pin
6133,Brigadier General Pin
6134,Alyx Pin
6404,Distinguished Agents
6405,Exceptional Agents
6406,Superior Agents
6407,Master Agents
7000,Operation Wildfire Case Key
20000,Sticker | Bossy Burger
20001,Sticker | Cat Call
20002,Sticker | Chicken Strike
20003,Sticker | CT in Banana
20004,"Sticker | Don't Worry, I'm Pro"
20005,Sticker | Fight like a Girl
20006,Sticker | Flashbang
20007,Sticker | Kawaii Killer CT
20008,Sticker | Nelu the Bear
20009,Sticker | One Shot One Kill
20010,Sticker | Shooting Star Return
20012,Sticker | War Penguin
20013,Sticker | Windy Walking Club
20014,Sticker | Blitzkrieg
20015,Sticker | Pigeon Master
20016,Sticker | Terrorized
20017,Sticker | Till Death Do Us Part
20018,Sticker | Stay Frosty
20019,Sticker | T On Cat
20020,"Music Kit | Daniel Sadowski, Crimson Assault"
20021,"Music Kit | Noisia, Sharpened"
20022,"Music Kit | Robert Allaire, Insurgency"
20023,"Music Kit | Sean Murray, A*D*8"
20024,"Music Kit | Feed Me, High Noon"
20025,"Music Kit | Dren, Death's Head Demolition"
20026,"Music Kit | Austin Wintory, Desert Fire"
20027,"Music Kit | Sasha, LNOE"
20028,"Music Kit | Skog, Metal"
20029,Sticker | Doomed
20030,Sticker | Queen Of Pain
20031,Sticker | Trick Or Threat
20032,Sticker | Trick Or Treat
20033,Sticker | Witch
20034,Sticker | Zombie Lover
20035,Sticker | Blood Boiler
20036,Sticker | Dinked
20037,Sticker | Drug War Veteran
20038,Sticker | Ho Ho Ho
20039,Sticker | Massive Pear
20040,Sticker | My Little Friend
20041,Sticker | Pandamonium
20042,Sticker | Piece Of Cake
20043,Sticker | SAS Chicken
20044,Sticker | Thug Life
20045,Sticker | T-Rekt
20046,Sticker | Warowl
20047,Sticker | Work For Ammo
20048,Sticker | Phoenix (Foil)
20049,Sticker | Bomb Squad (Foil)
20050,"Music Kit | Midnight Riders, All I Want for Christmas"
20051,"Music Kit | Daniel Sadowski, Total Domination"
20052,"Music Kit | Various Artists, Hotline Miami"
20053,"Music Kit | Matt Lange, IsoRhythm"
20054,"Music Kit | Mateo Messina, For No Mankind"
20055,"Music Kit | Damjan Mravunac, The Talos Principle"
20056,Sticker | Flickshot
20057,Sticker | Headshot Guarantee
20058,Sticker | Eco Rush
20059,Sticker | Just Trolling
20061,Sticker | Firestarter (Holo)
20062,Sticker | Lucky Cat (Foil)
20063,Sticker | Robo
20064,Sticker | Witchcraft
20065,Sticker | Wanna Fight
20066,Sticker | Hostage Rescue
20067,Sticker | Hamster Hawk
20068,Sticker | Headless Chicken
20069,"Music Kit | Proxy, Battlepack"
20070,"Music Kit | Ki:Theory, MOLOTOV"
20071,"Music Kit | Troels Folmann, Uber Blasto Phone"
20072,"Music Kit | Kelly Bailey, Hazardous Environments"
20073,"Music Kit | Skog, II-Headshot"
20074,Enfu Sticker Capsule
20075,Sticker | Awp Country
20076,Sticker | Chi Bomb
20077,Sticker | Doru The Fox
20078,Sticker | Knife Club
20079,Sticker | CS On The Mind
20080,Sticker | Ninja Defuse
20081,Sticker | Pros Don't Fake
20082,Sticker | Kawaii Killer Terrorist
20083,Sticker | Baaa-ckstabber!
20084,Sticker | Delicious Tears
20085,"Music Kit | Daniel Sadowski, The 8-Bit Kit"
20086,"Music Kit | AWOLNATION, I Am"
20087,"Music Kit | Mord Fustang, Diamonds"
20088,"Music Kit | Michael Bross, Invasion!"
20089,"Music Kit | Ian Hultquist, Lion's Mouth"
20090,"Music Kit | New Beat Fund, Sponge Fingerz"
20091,"Music Kit | Beartooth, Disgusting"
20092,"Music Kit | Lennie Moore, Java Havana Funkaloo"
20093,"Music Kit | Darude, Moments CS:GO"
20094,"StatTrak&#8482; Music Kit | Proxy, Battlepack"
20095,"StatTrak&#8482; Music Kit | Ki:Theory, MOLOTOV"
20096,"StatTrak&#8482; Music Kit | Troels Folmann, Uber Blasto Phone"
20097,"StatTrak&#8482; Music Kit | Kelly Bailey, Hazardous Environments"
20098,"StatTrak&#8482; Music Kit | Skog, II-Headshot"
20099,"StatTrak&#8482; Music Kit | Daniel Sadowski, The 8-Bit Kit"
20100,"StatTrak&#8482; Music Kit | AWOLNATION, I Am"
20101,"StatTrak&#8482; Music Kit | Mord Fustang, Diamonds"
20102,"StatTrak&#8482; Music Kit | Michael Bross, Invasion!"
20103,"StatTrak&#8482; Music Kit | Ian Hultquist, Lion's Mouth"
20104,"StatTrak&#8482; Music Kit | New Beat Fund, Sponge Fingerz"
20105,"StatTrak&#8482; Music Kit | Beartooth, Disgusting"
20106,"StatTrak&#8482; Music Kit | Lennie Moore, Java Havana Funkaloo"
20107,"StatTrak&#8482; Music Kit | Darude, Moments CS:GO"
20108,"StatTrak&#8482; Music Kit | Daniel Sadowski, Crimson Assault"
20109,"StatTrak&#8482; Music Kit | Noisia, Sharpened"
20110,"StatTrak&#8482; Music Kit | Robert Allaire, Insurgency"
20111,"StatTrak&#8482; Music Kit | Sean Murray, A*D*8"
20112,"StatTrak&#8482; Music Kit | Feed Me, High Noon"
20113,"StatTrak&#8482; Music Kit | Dren, Death's Head Demolition"
20114,"StatTrak&#8482; Music Kit | Austin Wintory, Desert Fire"
20115,"StatTrak&#8482; Music Kit | Sasha, LNOE"
20116,"StatTrak&#8482; Music Kit | Skog, Metal"
20117,"StatTrak&#8482; Music Kit | Midnight Riders, All I Want for Christmas"
20118,"StatTrak&#8482; Music Kit | Daniel Sadowski, Total Domination"
20119,"StatTrak&#8482; Music Kit | Various Artists, Hotline Miami"
20120,"StatTrak&#8482; Music Kit | Matt Lange, IsoRhythm"
20121,"StatTrak&#8482; Music Kit | Mateo Messina, For No Mankind"
20122,"StatTrak&#8482; Music Kit | Damjan Mravunac, The Talos Principle"
20123,Pinups Sticker Capsule
20124,Slid3 Sticker Capsule
20125,Team Roles Sticker Capsule
20126,Collectible Pins Capsule Series 1
20127,Sugarface Sticker Capsule
20128,Bestiary Sticker Capsule
20129,CS:GO Graffiti Box
20130,Community Graffiti Box 1
20131,Collectible Pins Capsule Series 2
20133,StatTrak&#8482; Radicals Music Kit Box
20134,Perfect World Sticker Capsule 1
20135,Perfect World Sticker Capsule 2
20136,Perfect World Graffiti Box
20137,Community Capsule 2018
20138,Collectible Pins Capsule Series 3
20139,Skill Groups Capsule
20140,"Music Kit | The Verkkars, EZ4ENCE"
20141,"StatTrak&#8482; Music Kit | The Verkkars, EZ4ENCE"
20142,Feral Predators Sticker Capsule
20143,Chicken Capsule
20144,X-Ray P250 Package
20145,CS20 Sticker Capsule
20146,Halo Sticker Capsule
20147,"Music Kit | Scarlxrd: King, Scar"
20148,"StatTrak&#8482; Music Kit | Scarlxrd: King, Scar"
20149,CS:GO Patch Pack
20152,Half-Life: Alyx Collectible Pins Capsule
20153,Half-Life: Alyx Sticker Capsule
20154,Half-Life: Alyx Patch Pack
20169,Masterminds Music Kit Box
20170,StatTrak&#8482; Masterminds Music Kit Box
20171,"Warhammer 40,000 Sticker Capsule"
20172,"Music Kit | Amon Tobin, All for Dust"
20173,"StatTrak&#8482; Music Kit | Amon Tobin, All for Dust"
20174,Poorly Drawn Sticker Capsule
20175,"Music Kit | Neck Deep, The Lowlife Pack"
20176,"StatTrak&#8482; Music Kit | Neck Deep, The Lowlife Pack"
20177,"Music Kit | Scarlxrd, CHAIN$AW.LXADXUT."
20178,"StatTrak&#8482; Music Kit | Scarlxrd, CHAIN$AW.LXADXUT."
20179,Tacticians Music Kit Box
20180,StatTrak&#8482; Tacticians Music Kit Box
20181,2021 Community Sticker Capsule
20182,Battlefield 2042 Sticker Capsule
20183,"Music Kit | bbno$, u mad!"
20184,"StatTrak&#8482; Music Kit | bbno$, u mad!"
20185,"Music Kit | The Verkkars &amp; n0thing, Flashbang Dance"
20186,"StatTrak&#8482; Music Kit | The Verkkars &amp; n0thing, Flashbang Dance"
20187,The Boardroom Sticker Capsule
30001,Daily Payment for Map 'de_cache' starting 2018-10-10
30002,Daily Payment for Map 'cs_agency' starting 2018-10-10
30003,Daily Payment for Map 'de_austria' starting 2018-10-10
30004,Daily Payment for Map 'de_subzero' starting 2018-10-10
30005,Daily Payment for Map 'de_biome' starting 2018-10-10
30006,Daily Payment for Map 'de_zoo' starting 2019-01-24
30007,Daily Payment for Map 'de_abbey' starting 2019-01-24
30008,Daily Payment for Map 'de_ruby' starting 2019-04-26
30009,Daily Payment for Map 'cs_workout' starting 2019-04-26
30010,Daily Payment for Map 'de_breach' starting 2019-08-01
30011,Daily Payment for Map 'de_seaside' starting 2019-08-01
30012,Daily Payment for Map 'de_cache' starting 2019-10-19
30013,Daily Payment for Map 'de_studio' starting 2019-11-19
30014,Daily Payment for Map 'dz_junglety' starting 2019-11-19
30015,Daily Payment for Map 'de_anubis' starting 2020-04-01
30016,Daily Payment for Map 'de_chlorine' starting 2020-04-01
30017,Daily Payment for Map 'de_mutiny' starting 2020-07-24
30018,Daily Payment for Map 'de_swamp' starting 2020-07-24
30019,Daily Payment for Map 'dz_frostbite' starting 2020-12-04
30020,Daily Payment for Map 'de_engage' starting 2020-12-04
30021,Daily Payment for Map 'cs_apollo' starting 2020-12-04
30022,Daily Payment for Map 'de_guard' starting 2020-12-04
30023,Daily Payment for Map 'de_elysion' starting 2020-12-04
30024,Daily Payment for Map 'de_grind' starting 2021-05-03
30025,Daily Payment for Map 'de_mocha' starting 2021-05-03
30026,Daily Payment for Map 'de_calavera' starting 2021-05-03
30027,Daily Payment for Map 'de_pitstop' starting 2021-05-03
30028,Daily Payment for Map 'de_basalt' starting 2021-09-21
30029,Daily Payment for Map 'cs_insertion2' starting 2021-09-21
30030,Daily Payment for Map 'de_ravine' starting 2021-09-21
30031,Daily Payment for Map 'de_extraction' starting 2021-09-21
30032,Daily Payment for Map 'dz_county' starting 2021-09-21
30033,Dreams &amp; Nightmares Contest Winner
30034,Dreams &amp; Nightmares Contest Winner
30035,Dreams &amp; Nightmares Contest Winner
30036,Dreams &amp; Nightmares Contest Winner
30037,Dreams &amp; Nightmares Contest Winner
30038,Dreams &amp; Nightmares Contest Winner
30039,Dreams &amp; Nightmares Contest Winner
30040,Dreams &amp; Nightmares Contest Winner
30041,Dreams &amp; Nightmares Contest Winner
30042,Dreams &amp; Nightmares Contest Winner
30043,Dreams &amp; Nightmares Contest Winner
30044,Dreams &amp; Nightmares Contest Winner
30045,Dreams &amp; Nightmares Contest Winner
30046,Dreams &amp; Nightmares Contest Winner
30047,Dreams &amp; Nightmares Contest Winner
30048,Dreams &amp; Nightmares Contest Winner
30049,Dreams &amp; Nightmares Contest Winner
30050,Dreams &amp; Nightmares Contest Winner
30051,Daily Payment for Map 'de_iris' starting 2022-02-21
30052,Daily Payment for Map 'cs_climb' starting 2022-02-21
30053,Daily Payment for Map 'de_crete' starting 2022-02-21
30054,Daily Payment for Map 'de_hive' starting 2022-02-21
30055,Daily Payment for Map 'dz_vineyard' starting 2022-02-21
30056,Daily Payment for Map 'dz_ember' starting 2022-02-21
30057,Daily Payment for Map 'cs_agency' starting 2022-03-01
30058,Daily Payment for Map 'de_cache' starting 2022-03-01
30059,Daily Payment for Map 'de_iris' starting 2022-03-01
30060,Daily Payment for Map 'cs_climb' starting 2022-03-01
30061,Daily Payment for Map 'de_crete' starting 2022-03-01
30062,Daily Payment for Map 'de_hive' starting 2022-03-01
30063,Daily Payment for Map 'dz_vineyard' starting 2022-03-01
30064,Daily Payment for Map 'dz_ember' starting 2022-03-01
